id;type;link;created
1;LINK;optical;2020-11-27T18:04:08
2;IMAGE;Tasty Fresh Gloves connecting invoice;2020-11-27T17:17:51
3;LINK;Harbor Licensed Cotton Cheese Avon;2020-11-27T07:12:45
4;LINK;bus composite Frozen;2020-11-27T16:31:56
5;VIDEO;Tasty Plastic Chair Legacy Assurance;2020-11-27T13:24:40
6;VIDEO;override THX;2020-11-28T02:56:24
7;FILE;Refined;2020-11-28T01:22:21
8;LINK;Nepal Handcrafted Rubber Tuna Supervisor;2020-11-27T17:42:53
9;VIDEO;Handmade;2020-11-27T12:55:14
10;LINK;Gloves Wooden;2020-11-27T21:58:24
