id;name;status;created;modified
1;payment deposit;ORIGINATE;2020-11-28T05:44:22;2020-11-28T04:02:30
2;digital hard drive;ORIGINATE;2020-11-28T05:42:18;2020-11-28T10:46:59
3;Cotton Alabama IB;ORIGINATE;2020-11-28T15:28:00;2020-11-27T16:01:54
4;withdrawal;ORIGINATE;2020-11-28T10:12:38;2020-11-27T23:22:19
5;Denar;ORIGINATE;2020-11-28T06:53:10;2020-11-27T23:19:46
6;even-keeled Internal Mouse;ORIGINATE;2020-11-27T17:06:09;2020-11-28T15:11:45
7;Rustic Wooden Towels;ORIGINATE;2020-11-28T10:04:10;2020-11-27T23:28:43
8;GB;ORIGINATE;2020-11-28T09:20:04;2020-11-27T23:39:24
9;reboot Michigan Licensed Rubber Pants;ORIGINATE;2020-11-28T05:21:06;2020-11-28T11:34:55
10;Chicken Buckinghamshire Frozen;ORIGINATE;2020-11-27T19:52:58;2020-11-28T05:03:07
