id;description;name;status;created;modified
1;Computer compressing customized;Solomon Islands XML XSS;TAKEOVER;2020-11-18T15:38:53;2020-11-18T20:34:31
2;Naira;Home Loan Account connecting;TAKEOVER;2020-11-18T16:16:55;2020-11-18T08:52:39
3;Home Sierra Leone;payment;COMPLETED;2020-11-18T15:57:25;2020-11-18T22:27:38
4;neural invoice Berkshire;channels;TAKEOVER;2020-11-18T01:03:40;2020-11-18T22:18:57
5;orchid;gold Fantastic Cotton Towels XML;ORIGINATE;2020-11-18T00:21:00;2020-11-18T15:05:44
6;navigating Latvian Lats;Tasty;COMPLETED;2020-11-18T07:53:05;2020-11-18T02:12:57
7;withdrawal Handmade;invoice matrix seize;COMPLETED;2020-11-18T07:18:43;2020-11-18T19:01:43
8;SMS;networks Customizable;TAKEOVER;2020-11-18T07:26:23;2020-11-18T10:51:08
9;Intelligent Metal Soap Movies;Salad;TAKEOVER;2020-11-18T00:21:59;2020-11-18T00:03:20
10;leverage reboot;Czech Koruna;TAKEOVER;2020-11-18T03:20:19;2020-11-18T04:15:25
